{
    "name": "root",
    "gauges": {
        "PushAgent.Policy.Entropy.mean": {
            "value": 1.431942105293274,
            "min": 1.4210622310638428,
            "max": 1.4374828338623047,
            "count": 8
        },
        "PushAgent.Policy.Entropy.sum": {
            "value": 14451.16015625,
            "min": 13928.138671875,
            "max": 14507.076171875,
            "count": 8
        },
        "PushAgent.Step.mean": {
            "value": 79974.0,
            "min": 9970.0,
            "max": 79974.0,
            "count": 8
        },
        "PushAgent.Step.sum": {
            "value": 79974.0,
            "min": 9970.0,
            "max": 79974.0,
            "count": 8
        },
        "PushAgent.Policy.ExtrinsicValueEstimate.mean": {
            "value": 0.0064877839758992195,
            "min": 0.0064877839758992195,
            "max": 0.22778113186359406,
            "count": 8
        },
        "PushAgent.Policy.ExtrinsicValueEstimate.sum": {
            "value": 1.0445332527160645,
            "min": 1.0445332527160645,
            "max": 36.44498062133789,
            "count": 8
        },
        "PushAgent.Losses.PolicyLoss.mean": {
            "value": 0.0980493638913937,
            "min": 0.0928808955961178,
            "max": 0.10081554326315235,
            "count": 8
        },
        "PushAgent.Losses.PolicyLoss.sum": {
            "value": 0.3921974555655748,
            "min": 0.3715235823844712,
            "max": 0.48515247404426187,
            "count": 8
        },
        "PushAgent.Losses.ValueLoss.mean": {
            "value": 5.6492462633667405e-06,
            "min": 5.6492462633667405e-06,
            "max": 0.0008971618733492003,
            "count": 8
        },
        "PushAgent.Losses.ValueLoss.sum": {
            "value": 2.2596985053466962e-05,
            "min": 2.2596985053466962e-05,
            "max": 0.003588647493396801,
            "count": 8
        },
        "PushAgent.Policy.LearningRate.mean": {
            "value": 0.00025455001514999994,
            "min": 0.00025455001514999994,
            "max": 0.0002965269011577,
            "count": 8
        },
        "PushAgent.Policy.LearningRate.sum": {
            "value": 0.0010182000605999998,
            "min": 0.0010182000605999998,
            "max": 0.0013952004349331998,
            "count": 8
        },
        "PushAgent.Policy.Epsilon.mean": {
            "value": 0.18485,
            "min": 0.18485,
            "max": 0.19884230000000003,
            "count": 8
        },
        "PushAgent.Policy.Epsilon.sum": {
            "value": 0.7394,
            "min": 0.7394,
            "max": 0.9650668,
            "count": 8
        },
        "PushAgent.Policy.Beta.mean": {
            "value": 0.004244015,
            "min": 0.004244015,
            "max": 0.00494223077,
            "count": 8
        },
        "PushAgent.Policy.Beta.sum": {
            "value": 0.01697606,
            "min": 0.01697606,
            "max": 0.023256833320000007,
            "count": 8
        },
        "PushAgent.Environment.EpisodeLength.mean": {
            "value": 1489.0,
            "min": 1489.0,
            "max": 1490.0,
            "count": 8
        },
        "PushAgent.Environment.EpisodeLength.sum": {
            "value": 8934.0,
            "min": 8934.0,
            "max": 8940.0,
            "count": 8
        },
        "PushAgent.Environment.CumulativeReward.mean": {
            "value": 0.0,
            "min": 0.0,
            "max": 0.0,
            "count": 8
        },
        "PushAgent.Environment.CumulativeReward.sum": {
            "value": 0.0,
            "min": 0.0,
            "max": 0.0,
            "count": 8
        },
        "PushAgent.Policy.ExtrinsicReward.mean": {
            "value": 0.0,
            "min": 0.0,
            "max": 0.0,
            "count": 8
        },
        "PushAgent.Policy.ExtrinsicReward.sum": {
            "value": 0.0,
            "min": 0.0,
            "max": 0.0,
            "count": 8
        },
        "PushAgent.IsTraining.mean": {
            "value": 1.0,
            "min": 1.0,
            "max": 1.0,
            "count": 8
        },
        "PushAgent.IsTraining.sum": {
            "value": 1.0,
            "min": 1.0,
            "max": 1.0,
            "count": 8
        }
    },
    "metadata": {
        "timer_format_version": "0.1.0",
        "start_time_seconds": "1721727580",
        "python_version": "3.9.13 (tags/v3.9.13:6de2ca5, May 17 2022, 16:36:42) [MSC v.1929 64 bit (AMD64)]",
        "command_line_arguments": "C:\\OneDrive\\Tiedostot\\kesaprojektit\\MiIn-simulator\\MLvenv\\Scripts\\mlagents-learn config\\PushAgentConfig.yaml --run-id=Run01",
        "mlagents_version": "0.30.0",
        "mlagents_envs_version": "0.30.0",
        "communication_protocol_version": "1.5.0",
        "pytorch_version": "2.3.1+cpu",
        "numpy_version": "1.21.2",
        "end_time_seconds": "1721727826"
    },
    "total": 245.8756683,
    "count": 1,
    "self": 0.008753400000017564,
    "children": {
        "run_training.setup": {
            "total": 0.13500630000000013,
            "count": 1,
            "self": 0.13500630000000013
        },
        "TrainerController.start_learning": {
            "total": 245.7319086,
            "count": 1,
            "self": 0.34404819999951997,
            "children": {
                "TrainerController._reset_env": {
                    "total": 11.0975622,
                    "count": 1,
                    "self": 11.0975622
                },
                "TrainerController.advance": {
                    "total": 234.0194208000005,
                    "count": 14456,
                    "self": 0.3658444000005261,
                    "children": {
                        "env_step": {
                            "total": 169.17606730000028,
                            "count": 14456,
                            "self": 142.44464469999937,
                            "children": {
                                "SubprocessEnvManager._take_step": {
                                    "total": 26.508398900001175,
                                    "count": 14456,
                                    "self": 0.9202690000017952,
                                    "children": {
                                        "TorchPolicy.evaluate": {
                                            "total": 25.58812989999938,
                                            "count": 14447,
                                            "self": 25.58812989999938
                                        }
                                    }
                                },
                                "workers": {
                                    "total": 0.22302369999972882,
                                    "count": 14455,
                                    "self": 0.0,
                                    "children": {
                                        "worker_root": {
                                            "total": 235.74634019999928,
                                            "count": 14455,
                                            "is_parallel": true,
                                            "self": 110.71718929999913,
                                            "children": {
                                                "steps_from_proto": {
                                                    "total": 0.00603430000000138,
                                                    "count": 1,
                                                    "is_parallel": true,
                                                    "self": 0.0018741000000002117,
                                                    "children": {
                                                        "_process_rank_one_or_two_observation": {
                                                            "total": 0.0041602000000011685,